,1,2,3,4,5
Year,2014,2015,2016,2017,2018
Texas,26977142,27486814,27937492,28322717,28701845
Houston,2240982,2286630,2309752,2317445,2325502
SanAntonio,1435839,1464531,1488512,1511409,1532233
Dallas,1279679,1301794,1324477,1343087,1345047
Austin,901734,921545,939768,951750,964254
FortWorth,815135,835950,856902,875456,895008
ElPaso,677745,677253,681485,682938,682669
Arlington,383074,389101,394780,397105,398112
CorpusChristi,320863,324795,325947,325373,326554
Plano,278062,283416,286576,286815,288061
Laredo,253017,255538,258102,259634,261639
Lubbock,244071,247644,251086,253555,255885
Irving,235761,237331,236500,238560,242507
Garland,232736,237358,240086,240834,242242
Amarillo,197188,197889,198867,199919,199924
GrandPrairie,185970,188577,192300,194214,194614
Brownsville,157139,163458,173336,181757,191645
McKinney,144878,154157,163841,177286,188170
Pasadena,182009,181984,182888,183066,183392
Frisco,154509,154624,154632,153968,153219
Mesquite,137657,140263,143045,145480,149103
McAllen,139027,140323,142418,142841,143433
Killeen,144495,144977,144681,144236,142816
Midland,128446,133523,135019,136353,142344
Carrollton,128309,131204,134266,136082,138541
Waco,129925,131882,133517,136433,138183
Denton,128245,132890,133470,135777,136879
Abilene,112613,115871,120705,123463,128739
Odessa,120647,121694,121856,122210,122999
Beaumont,106192,111553,116332,119831,122149
SugarLand,109163,110871,113890,117028,120981
RoundRock,114620,118614,117325,116910,120568
Pearland,116815,118304,118560,118611,118600
Richardson,117769,118591,119109,119266,118428
CollegeStation,103497,109034,111238,113892,116218
WichitaFalls,102841,103744,104735,106077,106586
Lewisville,94205,97965,101800,104554,106244
Tyler,101515,102711,103954,104810,105729
SanAngelo,105216,103960,104203,104493,104576
Allen,94168,98190,99512,100912,103383
LeagueCity,98592,99716,99809,99830,100215
Edinburg,90505,91994,93053,95815,98665
Mission,73692,76269,82054,84807,87654
Bryan,80674,82124,83357,84346,85445
Longview,82482,83246,83788,84185,84827
Pharr,65890,70118,73343,78928,84612
Baytown,81351,81899,81619,81303,81647
Conroe,75636,76751,77846,79198,79707
Missouri City,69443,70844,73334,76453,77329
Temple City,76040,76435,76544,76895,77024
Flower Mound,67223,69612,72602,75606,76999
"New Braunfels city, Texas",70187,71772,73012,74439,76256
"Cedar Park city, Texas",71054,73519,74190,74368,74705
"North Richland Hills city, Texas",58937,63463,66934,70505,74180
"Victoria city, Texas",62494,64624,66217,68850,70981
"Harlingen city, Texas",68443,69167,69999,70543,70836
"Mansfield city, Texas",65946,67221,67446,67112,67015
"Georgetown city, Texas",58503,60387,62340,63053,66285
"Rowlett city, Texas",65610,65350,65413,65396,65436
"San Marcos city, Texas",54779,57320,59595,63371,64431
"Pflugerville city, Texas",58907,60302,61521,63058,63509
"Port Arthur city, Texas",53587,54183,54902,55273,57346
"Euless city, Texas",35332,39076,43864,49882,56111
"DeSoto city, Texas",54565,55449,55670,55544,55018
"Grapevine city, Texas",50805,51469,52100,54029,53976
"Galveston city, Texas",52118,52700,53192,53660,53523
"Bedford city, Texas",46702,47657,48859,49957,51585
"Cedar Hill city, Texas",49296,49741,50238,50434,50457
"Wylie city, Texas",35793,38810,43105,46504,50314
"Texas City city, Texas",48776,49179,49554,49600,49464
"Keller city, Texas",46434,47353,48052,48462,49153
"Haltom City city, Texas",48226,48710,48774,48803,48463
"Burleson city, Texas",43923,45775,46749,47180,47350
"Rockwall city, Texas",41629,43346,44756,46107,47282
"The Colony city, Texas",33275,36199,39485,43360,46874
"Coppell city, Texas",41300,42111,43250,44133,45112
"Huntsville city, Texas",43874,44187,44485,44487,44339
"Sherman city, Texas",41175,41519,42271,42700,43402
"Duncanville city, Texas",39806,40464,41269,41869,42462
"Weslaco city, Texas",40811,41324,41703,41980,41818
"Leander city, Texas",40432,40803,41209,41374,41521
"Lancaster city, Texas",38892,39292,39929,40130,41171
"Hurst city, Texas",36653,37639,39089,40106,41057
"Friendswood city, Texas",32565,32718,35183,37153,40209
"Little Elm city, Texas",38307,38872,39411,39833,40181
"Schertz city, Texas",38657,38994,39192,39462,39477
"Texarkana city, Texas",39740,39878,39703,39580,39364
"San Juan city, Texas",38649,38917,39164,39146,38992
"Kyle city, Texas",34670,35701,36753,37409,38061
"Lufkin city, Texas",37126,37182,37402,37350,37295
"Del Rio city, Texas",36287,36636,36835,36876,37154
"Rosenberg city, Texas",32158,33011,34095,35319,36807
"La Porte city, Texas",35944,35915,35914,35937,35954
"Deer Park city, Texas",35972,36052,35937,35860,35510
"Socorro city, Texas",35235,35407,35477,35467,35423
"Nacogdoches city, Texas",33367,33655,33924,34030,34533
"Waxahachie city, Texas",33802,33940,34034,33989,33931
"Copperas Cove city, Texas",33515,33643,33703,33593,33542
"Farmers Branch city, Texas",32829,32844,32534,32608,32658
"Southlake city, Texas",29182,30088,31177,31840,32269
"Harker Heights city, Texas",28761,29442,30130,31067,31857
"Cleburne city, Texas",27910,28753,29595,30709,31836
"Eagle Pass city, Texas",29314,29441,29764,30179,30720
"Big Spring city, Texas",25377,26674,27891,29326,30563
"Weatherford city, Texas",27233,27539,28223,29066,29700
"Seguin city, Texas",28647,29020,29256,29342,29487
"Lake Jackson city, Texas",25891,26159,26740,27413,28263
"Cibolo city, Texas",28348,28829,28484,28016,28162
"Greenville city, Texas",24609,25579,26333,26997,27742
"Kingsville city, Texas",27373,27286,27268,27477,27533
"Alvin city, Texas",21291,22302,23686,25201,27049
"Converse city, Texas",24939,25441,26186,26636,26945
"Colleyville city, Texas",25499,25778,26210,26468,26827
"Balch Springs city, Texas",21228,22822,24031,25372,26434
"University Park city, Texas",23709,24615,25237,25955,26122
"Paris city, Texas",26221,25845,25799,25535,25487
"Sachse city, Texas",25231,25348,25270,25424,25351
"Watauga city, Texas",24445,24821,25096,25254,25182
"San Benito city, Texas",22909,23118,23579,24394,25118
"Corsicana city, Texas",24849,24796,24823,24817,24839
"Marshall city, Texas",24314,24510,24674,24652,24555
"Denison city, Texas",24499,24451,24524,24497,24385
"Kerrville city, Texas",21962,22356,22884,23317,23871
"Hutto city, Texas",23645,23738,23731,23732,23825
"Benbrook city, Texas",22697,22989,23236,23421,23729
"Saginaw city, Texas",16590,17332,18880,20272,23727
"Midlothian city, Texas",22307,22568,22934,23494,23566
"Corinth city, Texas",23632,23437,23281,23160,23091
"Plainview city, Texas",14459,16022,18494,20338,22358
"Murphy city, Texas",20170,20584,20931,21654,22222
"Belton city, Texas",20802,20943,21066,21151,21823
"Dickinson city, Texas",19624,20076,20334,20747,21164
"Stephenville city, Texas",20042,20326,20563,20795,20881
"Universal City city, Texas",19726,19951,20352,20542,20773
"Alamo city, Texas",20264,20613,20521,20644,20611
"Alice city, Texas",20994,20724,20820,20611,20442
"Horizon City city, Texas",18739,18920,19093,19327,19923
"Angleton city, Texas",19357,19527,19596,19640,19754
"Orange city, Texas",19410,19324,19371,19537,19741
"Ennis city, Texas",19297,19303,19381,19536,19565
"Brownwood city, Texas",15557,16120,17057,18066,19216
"Bellaire city, Texas",18381,18683,18824,18868,18966
"Stafford city, Texas",19354,19339,19141,18993,18887
"Pampa city, Texas",18878,18899,18939,18692,18714
"Palestine city, Texas",18724,19117,19108,19034,18484
"Bay City city, Texas",18336,18467,18478,18359,18312
"South Houston city, Texas",18282,18187,18259,18266,18136
"Forney city, Texas",16591,16966,17343,17854,18126
"Nederland city, Texas",16883,17059,17235,17872,17896
"White Settlement city, Texas",15451,15676,16810,17223,17588
"Terrell city, Texas",17626,17666,17643,17594,17583
"Brenham city, Texas",17517,17748,17867,17716,17534
"Taylor city, Texas",17188,17298,17412,17498,17494
"Mercedes city, Texas",16356,16564,16764,17290,17366
"Portland city, Texas",18365,18203,17758,17438,17235
"Donna city, Texas",16341,16688,16757,16879,17198
"Uvalde city, Texas",16424,16632,16810,16983,17167
"Gainesville city, Texas",12743,13581,14504,16043,17106
"Katy city, Texas",15855,16066,16362,16729,16878
"Seagoville city, Texas",15456,15791,16374,16730,16786
"Highland Village city, Texas",16564,16608,16625,16729,16761
"Prosper town, Texas",16024,16158,16196,16410,16612
"Mount Pleasant city, Texas",16474,16556,16617,16588,16611
"Sulphur Springs city, Texas",15948,16048,16562,16602,16537
"Groves city, Texas",11391,13630,14914,16143,16449
"La Marque city, Texas",15929,16018,16089,16186,16275
"Humble city, Texas",16281,16220,16334,16345,16181
"Alton city, Texas",15781,15867,15934,16026,16134
"Addison town, Texas",15693,15747,15729,16085,16041
"West University Place city, Texas",14684,14867,15028,15299,15953
"Live Oak city, Texas",15501,15587,15516,15497,15945
"Hereford city, Texas",15124,15328,15752,15850,15908
"Crowley city, Texas",15422,15586,15649,15651,15676
"Kilgore city, Texas",13680,14193,14710,15214,15673
"Canyon city, Texas",15771,15793,15801,15779,15656
"Jacksonville city, Texas",14611,14915,15130,15407,15649
"Mineral Wells city, Texas",14765,14702,14764,14955,15065
"Dumas city, Texas",14723,14789,14858,14869,14923
"Rio Grande City city, Texas",14893,14891,14832,14811,14862
"Lakeway city, Texas",14117,14184,14274,14366,14855
"Hewitt city, Texas",15149,14916,14941,14898,14810
"Levelland city, Texas",14242,14364,14444,14477,14521
"Seabrook city, Texas",14781,14640,14615,14637,14340
"Andrews city, Texas",12827,13772,13768,13731,14291
"Buda city, Texas",10615,11541,12171,12782,14243
"Hidalgo city, Texas",9789,10672,11349,12444,14206
"Boerne city, Texas",13441,13622,13774,13892,14083
"Henderson city, Texas",13151,13343,13439,13840,13924
"Lockhart city, Texas",13198,13765,13548,13400,13762
"Beeville city, Texas",13896,13826,13625,13560,13527
"Santa Fe city, Texas",12897,13077,13288,13424,13509
"Borger city, Texas",11442,11624,12032,12503,13347
"Forest Hill city, Texas",13510,13381,13363,13302,13280
"Port Neches city, Texas",11932,12094,12466,13106,13250
"Athens city, Texas",11513,11954,12493,12791,13105
"Gatesville city, Texas",10693,11369,12055,12590,12998
"Port Lavaca city, Texas",12278,12392,12572,12841,12962
"Lumberton city, Texas",12771,12864,12968,12983,12959
"Richmond city, Texas",13205,13119,13091,12904,12863
"Glenn Heights city, Texas",12799,12844,12894,12910,12831
"Freeport city, Texas",12667,12618,12669,12667,12797
"Red Oak city, Texas",7425,8037,8380,10150,12775
"Snyder city, Texas",13059,12979,12853,12747,12621
"Trophy Club town, Texas",11202,11698,12120,12328,12369
"El Campo city, Texas",12347,12504,12404,12329,12327
"Tomball city, Texas",12097,12055,12050,12171,12195
"Azle city, Texas",12391,12394,12377,12225,12086
"Robstown city, Texas",12034,12170,12157,12050,12033
"Anna city, Texas",4288,5853,7912,10038,11990
"Robinson city, Texas",11422,11488,11522,11627,11784
"Clute city, Texas",11422,11652,11713,11704,11761
"Royse City city, Texas",8207,9025,9629,10210,11755
"Roma city, Texas",11357,11386,11525,11632,11682
"Leon Valley city, Texas",11635,11669,11717,11751,11622
"Webster city, Texas",7222,8015,8884,10023,11535
"Galena Park city, Texas",11082,11218,11373,11432,11485
"Raymondville city, Texas",11221,11310,11375,11414,11455
"Burkburnett city, Texas",10831,11057,11185,11307,11446
"Fredericksburg city, Texas",11649,11567,11503,11376,11361
"Rockport city, Texas",11182,11068,11123,11213,11250
"Vidor city, Texas",11152,11192,11144,11161,11201
"Jacinto City city, Texas",6798,7493,8200,9308,11173
"Sweetwater city, Texas",11572,11707,11569,11275,11165
"Fate city, Texas",8519,9137,10138,10757,11075
"Vernon city, Texas",11109,11098,11142,10983,10940
"Pleasanton city, Texas",11166,11157,11097,11018,10931
"Bellmead city, Texas",10823,10929,11100,11205,10759
"Pearsall city, Texas",10214,10356,10441,10508,10754
"Bonham city, Texas",10247,10317,10400,10509,10715
"Brownfield city, Texas",10822,10808,10754,10692,10625
"Pecos city, Texas",10892,10887,10867,10852,10522
"Ingleside city, Texas",10823,10796,10727,10590,10518
"Lamesa city, Texas",10028,10196,10246,10324,10434
"Elgin city, Texas",8874,9223,9537,9907,10410
"Perryton city, Texas",10545,10599,10467,10332,10384
"Granbury city, Texas",9964,9901,10050,10212,10372
"San Elizario city, Texas",9362,9678,9803,9939,10254
"Highland Park town, Texas",9604,9660,10426,10300,10242
"Selma city, Texas",8847,9238,9650,9934,10207
"Hondo city, Texas",6844,7588,8615,9246,10199
"Princeton city, Texas",7688,8179,8748,9238,9700
"Liberty city, Texas",8383,8597,8781,9168,9567
"Commerce city, Texas",8064,8420,8688,9038,9420
"Graham city, Texas",9008,9090,9221,9300,9387
"Wharton city, Texas",8867,8969,9113,9224,9349
"Woodway city, Texas",9775,9744,9751,9451,9314
"Helotes city, Texas",8768,8818,9033,9156,9303
"Kirby city, Texas",8947,9191,9195,9220,9180
"Fort Stockton city, Texas",9261,9221,9186,9169,9144
"Aransas Pass city, Texas",8365,8459,8428,8973,9092
"Fairview town, Texas",7014,7433,7876,8126,9085
"Dalhart city, Texas",9360,9362,9370,9169,9042
"Bastrop city, Texas",8707,8711,8780,8855,8967
"Cuero city, Texas",7914,8123,8352,8735,8953
"Hillsboro city, Texas",8046,8154,8258,8318,8799
"Fair Oaks Ranch city, Texas",8460,8557,8662,8709,8747
"Whitehouse city, Texas",8824,8780,8754,8679,8694
"Heath city, Texas",8684,8725,8737,8752,8654
"Richland Hills city, Texas",9235,9228,8858,8676,8595
"Celina city, Texas",7765,7975,8229,8416,8593
"Manvel city, Texas",7414,7739,7931,8359,8543
"Alamo Heights city, Texas",7603,7738,7998,8221,8540
"Jersey Village city, Texas",8268,8266,8301,8397,8472
"Cleveland city, Texas",8423,8509,8374,8379,8390
"Lake Dallas city, Texas",7550,7658,7807,8038,8336
"Bridge City city, Texas",8356,8440,8432,8368,8296
"Kennedale city, Texas",8372,8414,8421,8265,8256
"Sanger city, Texas",7812,7919,8039,8121,8230
"River Oaks city, Texas",8431,8497,8353,8270,8123
"Dayton city, Texas",6663,7092,7437,7677,8084
"Los Fresnos city, Texas",8009,8066,8093,8074,8030
"Hitchcock city, Texas",7878,7877,8089,8153,7981
"Monahans city, Texas",7915,7921,7954,7954,7962
"Melissa city, Texas",6576,6911,7242,7503,7955
"Lampasas city, Texas",7455,7899,7921,7955,7944
"Jasper city, Texas",7177,7565,7624,7788,7909
"Crystal City city, Texas",7441,7614,7824,7880,7902
"Manor city, Texas",6390,6462,7037,7764,7887
"Gonzales city, Texas",7524,7635,7739,7824,7883
"Seminole city, Texas",7031,7168,7362,7563,7786
"Roanoke city, Texas",7226,7315,7355,7548,7715
"Mexia city, Texas",7618,7666,7706,7721,7703
"La Feria city, Texas",7569,7613,7601,7486,7669
"Navasota city, Texas",7591,7545,7586,7600,7644
"Floresville city, Texas",7141,7470,7532,7565,7629
"Elsa city, Texas",7396,7487,7600,7590,7606
"Hempstead city, Texas",6410,6806,7181,7372,7542
"Kaufman city, Texas",6782,6911,7057,7313,7467
"Lucas city, Texas",7447,7417,7409,7392,7373
"Providence Village town, Texas",7290,7315,7349,7356,7328
"Carthage city, Texas",7480,7518,7387,7274,7269
"Lacy-Lakeview city, Texas",6484,6567,6663,6825,7117
"Silsbee city, Texas",7154,7162,7149,7116,7107
"Lago Vista city, Texas",6319,6421,6606,6731,6989
"Crockett city, Texas",6079,6140,6251,6507,6932
"Joshua city, Texas",6041,6421,6668,6686,6765
"Kermit city, Texas",6602,6602,6620,6617,6693
"Bee Cave city, Texas",5839,6126,6251,6504,6678
"Decatur city, Texas",6616,6599,6648,6711,6651
"Sealy city, Texas",6226,6326,6477,6396,6590
"White Oak city, Texas",6293,6413,6460,6482,6538
"Willis city, Texas",6527,6518,6518,6542,6532
"Gladewater city, Texas",6186,6273,6331,6413,6531
"Iowa Park city, Texas",6777,6742,6652,6570,6521
"Bridgeport city, Texas",6310,6356,6407,6435,6508
"Prairie View city, Texas",6209,6324,6370,6370,6428
"Keene city, Texas",6025,6114,6242,6323,6397
"Everman city, Texas",6400,6334,6341,6354,6370
"Marble Falls city, Texas",6344,6366,6386,6346,6361
"Sunnyvale town, Texas",6357,6349,6368,6339,6356
"Burnet city, Texas",4834,5175,5568,5941,6276
"Childress city, Texas",6211,6248,6285,6278,6248
"Slaton city, Texas",6289,6439,6324,6078,6246
"Littlefield city, Texas",5970,5996,6040,6109,6204
"Gun Barrel City city, Texas",5432,5628,5803,6011,6149
"Yoakum city, Texas",6068,6069,6071,6042,6045
"Alpine city, Texas",5944,5934,5973,6061,6020
"Progreso city, Texas",6135,6030,5989,5987,5962
"Fulshear city, Texas",5659,5701,5814,5919,5954
"Carrizo Springs city, Texas",5836,5887,5906,5923,5953
"Windcrest city, Texas",5937,5972,5968,5945,5944
"Edna city, Texas",6049,6037,6024,5956,5904
"Hutchins city, Texas",5721,5760,5797,5776,5874
"Palmview city, Texas",5702,5766,5833,5857,5874
"Luling city, Texas",4814,4848,4880,5845,5828
"Sinton city, Texas",5642,5703,5756,5773,5825
"Marlin city, Texas",5770,5735,5622,5737,5729
"Lindale city, Texas",4931,5133,5336,5498,5715
"Atlanta city, Texas",5442,5528,5611,5657,5655
"Anthony town, Texas",5466,5500,5560,5622,5647
"Breckenridge city, Texas",5662,5637,5677,5678,5638
"Rusk city, Texas",5578,5510,5536,5557,5580
"Rockdale city, Texas",4646,4897,5077,5353,5569
"Brady city, Texas",5336,5408,5466,5515,5529
"Wake Village city, Texas",5543,5539,5525,5484,5515
"Cameron city, Texas",4948,5107,5204,5246,5489
"Post city, Texas",5524,5510,5483,5421,5487
"Diboll city, Texas",5878,5840,5711,5509,5470
"Center city, Texas",5382,5350,5416,5455,5469
"Terrell Hills city, Texas",5201,5261,5349,5400,5425
"Muleshoe city, Texas",5454,5449,5434,5432,5425
"Mont Belvieu city, Texas",5714,5698,5552,5451,5401
"Nolanville city, Texas",5408,5467,5370,5300,5309
"Brookshire city, Texas",5364,5330,5353,5277,5278
"Gilmer city, Texas",5340,5342,5315,5295,5247
"Bowie city, Texas",4961,5044,5137,5181,5240
"McGregor city, Texas",4109,4253,4422,4912,5214
"Bulverde city, Texas",5031,5053,5084,5109,5209
"Port Isabel city, Texas",5086,5081,5133,5149,5134
"Giddings city, Texas",5025,5008,5045,5088,5128
"Granite Shoals city, Texas",4956,5014,5089,5108,5111
"Livingston town, Texas",4957,5021,5044,5099,5095
"Mathis city, Texas",5068,5070,5056,5037,5059
"Krum city, Texas",5044,5035,5056,5054,5055
"Falfurrias city, Texas",5015,5193,5161,5066,5042
"Denver City town, Texas",4312,4718,4786,4868,4989
"Lake Worth city, Texas",4861,4993,5005,5012,4988
"Willow Park city, Texas",3174,3336,3754,4211,4974
"Sansom Park city, Texas",4831,4910,4973,4955,4957
"Hudson city, Texas",4703,4775,4815,4861,4891
"Rio Bravo city, Texas",4800,4842,4871,4893,4890
"Penitas city, Texas",4767,4912,4922,4868,4878
"Hunters Creek Village city, Texas",4546,4652,4725,4819,4865
"Primera town, Texas",4752,4823,4867,4874,4854
"Tulia city, Texas",4944,4914,4909,4867,4833
"Meadows Place city, Texas",4302,4415,4473,4621,4802
"New Boston city, Texas",5005,5008,4890,4810,4783
"La Grange city, Texas",4524,4562,4664,4694,4769
"Devine city, Texas",3921,4011,4083,4145,4766
"Palacios city, Texas",4172,4311,4409,4592,4735
"Madisonville city, Texas",4544,4610,4627,4681,4735
"Pittsburg city, Texas",4875,4829,4772,4749,4721
"Mineola city, Texas",4583,4598,4620,4648,4698
"Hearne city, Texas",4767,4714,4687,4698,4682
"Jacksboro city, Texas",4723,4689,4684,4688,4678
"Parker city, Texas",3077,3373,3730,4234,4674
"Castle Hills city, Texas",2234,2486,3124,3870,4667
"Coleman city, Texas",4650,4658,4659,4674,4632
"San Diego city, Texas",4705,4712,4701,4638,4617
"Groesbeck city, Texas",4176,4290,4408,4504,4615
"Hickory Creek town, Texas",4262,4302,4360,4463,4590
"Dilley city, Texas",4634,4633,4676,4634,4578
"Morgan's Point Resort city, Texas",4386,4447,4462,4523,4502
"Cockrell Hill city, Texas",4046,4122,4260,4359,4472
"Sandy Oaks city, Texas",4352,4400,4445,4457,4471
"Jourdanton city, Texas",4207,4269,4310,4346,4461
"Dimmitt city, Texas",4251,4302,4315,4360,4408
"La Joya city, Texas",4209,4236,4270,4347,4404
"Caldwell city, Texas",4214,4254,4294,4344,4397
"Wolfforth city, Texas",3834,3932,3955,4125,4382
"Pilot Point city, Texas",4426,4364,4408,4401,4379
"Bellville city, Texas",4428,4419,4365,4370,4368
"Cotulla city, Texas",4200,4256,4269,4275,4339
"Spring Valley Village city, Texas",4146,4202,4246,4292,4333
"Comanche city, Texas",3905,4059,4146,4233,4321
"Sullivan City city, Texas",4333,4316,4331,4313,4305
"Smithville city, Texas",4164,4224,4227,4242,4266
"Nassau Bay city, Texas",3220,3346,3599,3964,4256
"Colorado City city, Texas",4410,4359,4343,4275,4251
"Hallsville city, Texas",3733,3896,4009,4096,4204
"Presidio city, Texas",4289,4298,4276,4261,4204
"Wilmer city, Texas",4336,4259,4246,4233,4176
"Port Aransas city, Texas",4198,4168,4203,4186,4170
"Bunker Hill Village city, Texas",3896,3980,4085,4140,4167
"Alvarado city, Texas",3629,3857,3974,4118,4146
"Friona city, Texas",4119,4143,4155,4142,4137
"Whitesboro city, Texas",4090,4218,4202,4167,4136
"Argyle city, Texas",3842,3897,3963,4020,4078
"West Columbia city, Texas",4111,4108,4084,4064,4037
"Eastland city, Texas",3705,3814,3914,3949,4022
"Ovilla city, Texas",3342,3421,3701,3848,3992
"Crane city, Texas",4100,4041,4118,4098,3991
"Richwood city, Texas",3921,3970,3977,3981,3982
"Garden Ridge city, Texas",3553,3631,3757,3869,3969
"Cisco city, Texas",3738,3815,3883,3911,3949
"Clyde city, Texas",3416,3522,3681,3787,3926
"Canton city, Texas",3863,3875,3896,3926,3919
"Sweeny city, Texas",3989,3918,3907,3894,3913
"Ballinger city, Texas",3901,3890,3887,3897,3883
"Eagle Lake city, Texas",3553,3743,3793,3825,3869
"Taylor Lake Village city, Texas",4104,4069,3958,3925,3864
"Horseshoe Bay city, Texas",3181,3255,3433,3569,3853
"Dublin city, Texas",3735,3757,3812,3854,3848
"Columbus city, Texas",3122,3311,3506,3670,3820
"Teague city, Texas",3237,3352,3455,3625,3756
"Shavano Park city, Texas",3781,3760,3756,3764,3750
"Wills Point city, Texas",3748,3738,3737,3752,3743
"Farmersville city, Texas",3624,3680,3698,3723,3710
"Kenedy city, Texas",3150,3218,3313,3448,3705
"West Orange city, Texas",3158,3159,3348,3415,3681
"Justin city, Texas",3773,3846,3670,3622,3680
"Spearman city, Texas",3491,3519,3567,3627,3665
"Poteet city, Texas",3572,3601,3612,3636,3640
"Piney Point Village city, Texas",2820,3345,3387,3389,3631
"Karnes City city, Texas",3674,3709,3669,3674,3631
"Aledo city, Texas",3669,3679,3666,3645,3625
"Llano city, Texas",3581,3617,3591,3582,3604
"Crandall city, Texas",2740,2828,3051,3284,3558
"Van Alstyne city, Texas",2608,2900,3099,3146,3542
"Aubrey city, Texas",3334,3370,3443,3494,3537
"Clifton city, Texas",3554,3552,3522,3507,3527
"Oak Point city, Texas",3372,3397,3415,3430,3495
"Big Lake city, Texas",3419,3439,3496,3478,3473
"Hollywood Park town, Texas",3316,3339,3356,3400,3453
"Weston Lakes city, Texas",3351,3393,3412,3429,3449
"West Lake Hills city, Texas",3428,3431,3426,3429,3448
"Edcouch city, Texas",2432,2507,2747,3358,3434
"El Cenizo city, Texas",3310,3389,3376,3384,3396
"Reno city (Lamar County), Texas",3284,3317,3354,3367,3374
"Haskell city, Texas",3251,3277,3328,3356,3355
"Venus town, Texas",2623,2813,2871,3085,3327
"Balcones Heights city, Texas",3275,3306,3313,3324,3318
"Clarksville city, Texas",3247,3261,3277,3300,3316
"Mabank town, Texas",3431,3426,3420,3416,3315
"Winnsboro city, Texas",2887,3231,3266,3278,3290
"Cactus city, Texas",3242,3215,3239,3259,3287
"Laguna Vista town, Texas",3347,3402,3360,3299,3284
"Nash city, Texas",3304,3330,3251,3231,3265
"Olney city, Texas",3246,3260,3240,3230,3242
"Bishop city, Texas",1893,2220,2608,2983,3200
"Oak Ridge North city, Texas",3203,3190,3200,3227,3194
"San Saba city, Texas",3310,3277,3232,3212,3184
"Brazoria city, Texas",2855,2934,3003,3095,3176
"Taft city, Texas",3074,3072,3098,3143,3167
"Grand Saline city, Texas",3188,3179,3178,3190,3162
"Hideaway city, Texas",3126,3118,3120,3144,3161
"Double Oak town, Texas",3244,3218,3185,3177,3159
"Needville city, Texas",3057,3087,3092,3151,3158
"Combes town, Texas",3029,3067,3109,3127,3143
"Canadian city, Texas",1967,2294,2471,2772,3124
"Henrietta city, Texas",3079,3081,3085,3096,3112
"Edgecliff Village town, Texas",2745,2836,2937,3010,3112
"Stamford city, Texas",3183,3154,3129,3103,3111
"Stanton city, Texas",2867,2913,2961,3045,3102
"Annetta town, Texas",2842,2909,2973,3007,3095
"Fairfield city, Texas",3030,3053,3075,3063,3077
"Nocona city, Texas",3160,3137,3120,3085,3076
"Castroville city, Texas",2774,2807,2969,2971,3067
"Chandler city, Texas",3003,2991,2956,3083,3062
"Lavon city, Texas",3029,3061,3075,3078,3051
"Hamilton city, Texas",2711,2763,2821,2916,3049
"Schulenburg city, Texas",2644,2731,2812,2912,3047
"Refugio town, Texas",3014,3030,3044,3039,3043
"Sonora city, Texas",2950,2970,3015,3028,3034
"Lytle city, Texas",2937,2895,2951,2994,3016
"South Padre Island town, Texas",2851,2949,2946,2909,3011
"Santa Rosa town, Texas",2777,2852,2891,2922,3005
"Wimberley city, Texas",2749,2803,2855,2906,2997
"Eden city, Texas",2960,2929,2966,2960,2981
"Bullard town, Texas",2642,2746,2853,2892,2957
"Shady Shores town, Texas",2900,2931,2925,2917,2937
"Howe town, Texas",2961,2956,2959,2943,2923
"Early city, Texas",2879,2892,2893,2899,2920
"DeCordova city, Texas",3072,3080,3007,2947,2918
"El Lago city, Texas",2664,2748,2838,2871,2892
"Seagraves city, Texas",2793,2829,2889,2894,2874
"Springtown city, Texas",2764,2824,2840,2850,2857
"Trinity city, Texas",2660,2769,2796,2810,2846
"Hooks city, Texas",2603,2664,2701,2756,2829
"Floydada city, Texas",2479,2501,2539,2626,2822
"West city, Texas",2866,2852,2850,2827,2808
"Shenandoah city, Texas",2499,2585,2656,2727,2807
"Bartlett city, Texas",2873,2844,2830,2803,2779
"Mount Vernon town, Texas",2874,2871,2858,2827,2771
"Reno city (Parker and Tarrant Counties), Texas",2709,2761,2745,2773,2771
"Freer city, Texas",2909,2869,2851,2791,2762
"Abernathy city, Texas",2431,2447,2621,2770,2757
"Electra city, Texas",2728,2733,2743,2759,2750
"Hedwig Village city, Texas",2755,2750,2749,2747,2746
"Palmhurst city, Texas",2663,2682,2719,2731,2746
"Onalaska city, Texas",2802,2749,2759,2758,2743
"Westworth Village city, Texas",2783,2780,2763,2745,2727
"Seymour city, Texas",2743,2725,2747,2745,2724
"Premont city, Texas",2528,2574,2625,2673,2712
"Merkel town, Texas",2740,2703,2706,2711,2706
"Hallettsville city, Texas",2636,2593,2631,2669,2704
"Lyford city, Texas",2629,2647,2673,2669,2692
"Van city, Texas",2495,2527,2544,2631,2691
"La Villa city, Texas",2933,3012,2887,2771,2683
"George West city, Texas",2665,2691,2678,2680,2669
"Tahoka city, Texas",2765,2728,2723,2678,2666
"Beach City city, Texas",2607,2577,2587,2615,2629
"The Hills village, Texas",2008,2112,2299,2448,2627
"Glen Rose city, Texas",2594,2606,2594,2622,2625
"Pantego town, Texas",2623,2628,2608,2613,2620
"Shallowater city, Texas",2612,2640,2661,2599,2613
"Winters city, Texas",2554,2582,2556,2584,2570
"Overton city, Texas",2488,2504,2542,2560,2567
"Waller city, Texas",2591,2601,2592,2557,2553
"Escobares city, Texas",2650,2636,2601,2571,2553
"Ferris city, Texas",2501,2526,2549,2549,2538
"Dripping Springs city, Texas",2510,2525,2545,2537,2538
"Quanah city, Texas",2523,2509,2503,2511,2515
"Blue Mound city, Texas",2562,2563,2554,2544,2514
"Odem city, Texas",2026,2154,2280,2392,2492
"Woodville town, Texas",2300,2368,2427,2469,2491
"Rancho Viejo town, Texas",2490,2465,2488,2482,2489
"Nixon city, Texas",2535,2484,2517,2510,2482
"Rio Hondo city, Texas",2467,2481,2492,2488,2475
"Junction city, Texas",2475,2464,2471,2474,2475
"Ranger city, Texas",2446,2460,2488,2479,2471
"Newton city, Texas",2498,2511,2478,2492,2460
"Daingerfield city, Texas",2344,2368,2395,2408,2450
"Shepherd city, Texas",2214,2249,2304,2358,2449
"Dalworthington Gardens city, Texas",1051,1392,1620,1900,2433
"Olmos Park city, Texas",2485,2480,2435,2420,2422
"St. Hedwig town, Texas",2468,2432,2441,2422,2419
"Panhandle town, Texas",2488,2445,2455,2444,2418
"Anahuac city, Texas",1967,2115,2225,2338,2407
"Idalou city, Texas",2242,2264,2302,2341,2397
"Anson city, Texas",2352,2369,2388,2393,2387
"East Bernard city, Texas",2378,2402,2405,2407,2384
"Northlake town, Texas",2465,2411,2414,2398,2380
"Malakoff city, Texas",1488,1533,1583,1945,2371
"Panorama Village city, Texas",2431,2415,2416,2385,2359
"Tool city, Texas",2320,2334,2354,2375,2357
"Pottsboro town, Texas",2161,2166,2193,2304,2351
"McLendon-Chisholm city, Texas",2294,2318,2334,2355,2345
"Waskom city, Texas",2358,2348,2376,2341,2335
"Salado village, Texas",2274,2289,2292,2312,2329
"Weimar city, Texas",2256,2260,2274,2294,2326
"Arcola city, Texas",2310,2320,2318,2305,2292
"De Leon city, Texas",2318,2322,2322,2306,2291
"Mason city, Texas",2170,2151,2209,2226,2264
"Yorktown city, Texas",2073,2129,2174,2220,2257
"Wellington city, Texas",2022,2074,2113,2179,2226
"Poth town, Texas",2181,2187,2186,2179,2189
"Shiner city, Texas",2135,2157,2158,2185,2177
"Huntington city, Texas",2074,2068,2085,2120,2177
"Hudson Oaks city, Texas",2164,2152,2174,2174,2171
"Olton city, Texas",2127,2128,2131,2157,2169
"Talty town, Texas",1854,1927,1989,2052,2127
"Memphis city, Texas",2103,2118,2121,2115,2108
"Kirbyville city, Texas",2088,2083,2083,2096,2106
"Hale Center city, Texas",1625,1804,1963,2018,2105
"Kountze city, Texas",2149,2146,2145,2120,2105
"Ganado city, Texas",2145,2115,2113,2110,2104
"Jones Creek village, Texas",2111,2095,2101,2092,2100
"Combine city, Texas",2105,2088,2087,2118,2098
"Whitney town, Texas",2055,2053,2062,2060,2093
"Pinehurst city, Texas",2018,2039,2061,2077,2083
"McCamey city, Texas",2106,2093,2105,2094,2081
"Fritch city, Texas",2140,2151,2135,2079,2073
"Stratford city, Texas",2030,2049,2063,2075,2070
"Palmer town, Texas",1965,2065,2086,2060,2065
"Jonestown city, Texas",2095,2109,2121,2080,2058
"Vinton village, Texas",1955,1957,1978,2015,2057
"Hamlin city, Texas",2087,2086,2086,2073,2055
"Jefferson city, Texas",1841,1943,1988,2021,2052
"Beverly Hills city, Texas",1874,1933,1979,2005,2049
"Shamrock city, Texas",2029,2036,2043,2037,2043
"Albany city, Texas",1942,1976,1998,2013,2039
"Kemah city, Texas",1775,1845,1901,1961,2029
"Troup city, Texas",1962,1973,1987,2000,2027
"Little River-Academy city, Texas",1958,1981,2001,2021,2024
"Gregory city, Texas",2075,2067,2072,2070,2016
"Goliad city, Texas",1888,1914,1969,1972,2012
"Leonard city, Texas",2019,2026,2026,2008,1997
"Linden city, Texas",1743,1833,1911,1979,1997
"Three Rivers city, Texas",1935,1937,1927,1970,1993
"Van Horn town, Texas",2013,2003,1994,1987,1992
"Johnson City city, Texas",2077,2063,2026,1996,1979
"Cooper city, Texas",1830,1862,1888,1923,1977
"Elmendorf city, Texas",1970,1965,1957,1968,1976
"Splendora city, Texas",2032,2024,2002,1994,1961
"San Augustine city, Texas",1916,1910,1905,1916,1944
"Blanco city, Texas",1800,1818,1859,1895,1943
"Mart city, Texas",1983,1991,1993,1969,1937
"Morton city, Texas",1887,1897,1917,1937,1937
"Italy town, Texas",1935,1949,1916,1944,1934
"Sunray city, Texas",1960,1949,1939,1931,1933
"Ralls city, Texas",1953,1971,1950,1942,1914
"Buffalo city, Texas",1655,1694,1737,1800,1912
"Roman Forest city, Texas",1764,1794,1824,1857,1903
"Goldthwaite city, Texas",1970,1946,1917,1928,1901
"Stinnett city, Texas",1248,1288,1333,1394,1896
"Patton Village city, Texas",1847,1873,1889,1894,1895
"Clarendon city, Texas",1821,1839,1848,1859,1881
"Southside Place city, Texas",1818,1806,1817,1854,1879
"Troy city, Texas",1816,1829,1843,1860,1877
"Ingram city, Texas",1987,1925,1911,1899,1877
"West Tawakoni city, Texas",1848,1856,1850,1872,1863
"Sour Lake city, Texas",1725,1794,1832,1848,1855
"Charlotte city, Texas",1905,1890,1883,1887,1852
"Eldorado city, Texas",1789,1805,1807,1814,1850
"Magnolia city, Texas",1794,1797,1812,1826,1850
"Quitman city, Texas",1648,1667,1673,1695,1840
"Haslet city, Texas",1856,1879,1873,1859,1827
"Somerset city, Texas",1598,1638,1687,1746,1824
"Bovina city, Texas",2017,2001,1950,1874,1822
"Marfa city, Texas",1813,1787,1793,1793,1813
"Lowry Crossing city, Texas",1881,1901,1856,1812,1799
"Danbury city, Texas",1921,1840,1825,1820,1797
"Archer City city, Texas",1860,1853,1827,1807,1796
"Hughes Springs city, Texas",1659,1691,1725,1754,1786
"Lorena city, Texas",1743,1764,1769,1771,1772
"Meadowlakes city, Texas",1601,1638,1682,1721,1769
"Holliday city, Texas",1738,1742,1752,1761,1767
"Sabinal city, Texas",1571,1594,1636,1707,1753
"Collinsville town, Texas",1652,1679,1706,1756,1750
"Pelican Bay city, Texas",1778,1757,1755,1746,1744
"La Grulla city, Texas",2743,2742,2726,1734,1742
"Bartonville town, Texas",1747,1749,1741,1735,1736
"Brackettville city, Texas",1476,1523,1567,1740,1733
"Crosbyton city, Texas",1661,1680,1699,1732,1731
"Lockney town, Texas",1763,1766,1746,1742,1731
"Krugerville city, Texas",1618,1632,1656,1704,1726
"Bruceville-Eddy city, Texas",1734,1719,1724,1724,1721
"De Kalb city, Texas",1815,1772,1793,1772,1714
"Booker town, Texas",1701,1722,1737,1731,1714
"Honey Grove city, Texas",1654,1642,1661,1685,1712
"Briarcliff village, Texas",1612,1626,1648,1679,1703
"Rhome city, Texas",1671,1682,1693,1695,1700
"Plains town, Texas",1664,1665,1670,1676,1695
"Wheeler city, Texas",1153,1227,1408,1595,1692
"Itasca city, Texas",1113,1141,1325,1642,1692
"Whitewright town, Texas",1704,1698,1697,1693,1677
"Franklin city, Texas",1693,1673,1672,1671,1662
"Shoreacres city, Texas",1559,1579,1602,1622,1635
"Grandview city, Texas",1554,1571,1579,1604,1635
"Lakeside town (Tarrant County), Texas",1787,1804,1725,1688,1630
"Bayou Vista city, Texas",1598,1605,1603,1622,1623
"Bangs city, Texas",1455,1491,1542,1568,1622
"Muenster city, Texas",1658,1651,1639,1628,1622
"Brookside Village city, Texas",1594,1637,1633,1614,1619
"Corrigan town, Texas",1654,1675,1669,1644,1616
"Blossom city, Texas",1312,1392,1476,1545,1611
"Stockdale city, Texas",1589,1605,1612,1613,1611
"Kerens city, Texas",1559,1557,1559,1586,1604
"Ponder town, Texas",1509,1535,1559,1577,1602
"Rollingwood city, Texas",1571,1586,1604,1600,1601
"Fulton town, Texas",1381,1402,1429,1467,1600
"Woodcreek city, Texas",1564,1566,1577,1589,1595
"Lone Star city, Texas",1473,1494,1523,1552,1581
"Granger city, Texas",1509,1531,1551,1564,1577
"Natalia city, Texas",1545,1547,1556,1561,1571
"Caddo Mills city, Texas",1204,1273,1386,1486,1558
"Woodsboro town, Texas",1564,1571,1573,1563,1548
"Seadrift city, Texas",1626,1644,1611,1558,1547
"Baird city, Texas",1368,1391,1446,1491,1544
"Seven Points city, Texas",1488,1525,1563,1596,1535
"Queen City city, Texas",1536,1533,1538,1531,1535
"Rotan city, Texas",1397,1418,1456,1485,1526
"Meridian city, Texas",1458,1465,1481,1499,1524
"Oak Leaf city, Texas",1487,1498,1510,1509,1517
"Benavides city, Texas",1373,1396,1427,1461,1515
"Edgewood town, Texas",1285,1329,1380,1433,1507
"Bells town, Texas",1647,1637,1600,1543,1507
"Copper Canyon town, Texas",1468,1476,1491,1509,1506
"Quinlan city, Texas",1426,1438,1463,1489,1506
"Sundown city, Texas",1442,1456,1463,1481,1503
"Grapeland city, Texas",1416,1437,1466,1489,1494
"Flatonia town, Texas",1425,1444,1467,1487,1493
"Ivanhoe city, Texas",1452,1480,1509,1502,1493
"Gunter city, Texas",1321,1352,1391,1430,1490
"Menard city, Texas",1532,1499,1504,1496,1486
"Alvord town, Texas",1375,1393,1422,1441,1483
"Somerville city, Texas",1283,1329,1363,1410,1473
"Liberty Hill city, Texas",1378,1388,1418,1440,1472
"Pleak village, Texas",1397,1420,1432,1456,1469
"Runaway Bay city, Texas",1396,1407,1421,1434,1461
"Tatum city, Texas",1365,1373,1417,1447,1460
"Wolfe City city, Texas",1464,1463,1457,1451,1453
"Moody city, Texas",1461,1463,1462,1465,1438
"Bertram city, Texas",1406,1405,1409,1414,1432
"Hubbard city, Texas",1095,1174,1272,1362,1431
"Woodbranch city, Texas",1418,1415,1421,1428,1428
"Big Sandy town, Texas",1498,1484,1469,1454,1427
"Rosebud city, Texas",1190,1237,1380,1399,1415
"New Fairview city, Texas",1427,1416,1406,1411,1411
"Orange Grove city, Texas",1365,1363,1371,1390,1404
"Aurora city, Texas",1384,1381,1381,1382,1403
"Boyd town, Texas",1461,1440,1436,1409,1400
"Farwell city, Texas",1395,1397,1370,1389,1398
"Munday city, Texas",1393,1389,1387,1388,1393
"Hico city, Texas",1289,1300,1332,1372,1390
"Roscoe city, Texas",1322,1317,1339,1370,1388
"Naples city, Texas",1353,1363,1368,1372,1383
"Elkhart town, Texas",1364,1362,1373,1381,1380
"Old River-Winfree city, Texas",1211,1255,1292,1333,1376
"Iowa Colony village, Texas",1364,1360,1368,1371,1361
"Palm Valley city, Texas",1227,1239,1248,1292,1338
"Wallis city, Texas",1269,1284,1304,1309,1324
"Tye city, Texas",1318,1312,1321,1329,1324
"China Grove town, Texas",1267,1276,1290,1302,1323
"Hawkins city, Texas",1318,1319,1316,1310,1319
"Iraan city, Texas",1270,1288,1292,1296,1314
"Westlake town, Texas",1339,1313,1320,1314,1310
"Thorndale city, Texas",1332,1332,1317,1315,1310
"Bevil Oaks city, Texas",1275,1287,1283,1289,1309
"Cut and Shoot city, Texas",1254,1261,1279,1297,1306
"Emory city, Texas",1193,1220,1252,1276,1298
"La Vernia city, Texas",1321,1317,1308,1292,1284
"Florence city, Texas",1319,1319,1296,1285,1273
"Jarrell city, Texas",1218,1224,1234,1263,1272
"Hemphill city, Texas",1222,1235,1255,1263,1271
"Martindale city, Texas",1302,1288,1282,1269,1256
"Alto town, Texas",1064,1068,1076,1230,1253
"Von Ormy city, Texas",1165,1178,1210,1232,1250
"Rogers town, Texas",1210,1221,1226,1232,1240
"Spur city, Texas",1214,1224,1200,1227,1239
"Claude city, Texas",1252,1255,1256,1255,1238
"Frankston town, Texas",1044,1062,1103,1130,1228
"China city, Texas",1180,1186,1185,1205,1225
"Gruver city, Texas",1210,1211,1217,1220,1225
"Jewett city, Texas",994,1055,1118,1174,1224
"Holiday Lakes town, Texas",1253,1273,1261,1214,1222
"Ore City city, Texas",1166,1182,1196,1213,1220
"Lexington town, Texas",969,1037,1092,1152,1219
"LaCoste city, Texas",1209,1204,1199,1202,1219
"Cross Roads town, Texas",1168,1190,1211,1212,1211
"Valley Mills city, Texas",1159,1168,1172,1187,1210
"Clear Lake Shores city, Texas",1167,1193,1203,1207,1207
"Lorenzo city, Texas",1135,1164,1190,1207,1205
"Knox City town, Texas",1043,1060,1112,1160,1203
"Tenaha town, Texas",1204,1195,1159,1188,1202
"Kemp city, Texas",1125,1144,1174,1186,1199
"Cottonwood Shores city, Texas",1125,1147,1161,1188,1198
"Calvert city, Texas",1166,1181,1187,1198,1198
"Timpson city, Texas",1063,1080,1095,1121,1193
"Josephine city, Texas",1091,1093,1091,1119,1187
"Oyster Creek city, Texas",1198,1194,1181,1187,1185
"Asherton city, Texas",1137,1140,1144,1156,1163
"Paducah town, Texas",1117,1129,1140,1147,1162
"Clint town, Texas",1114,1118,1126,1138,1158
"New Summerfield city, Texas",1135,1163,1170,1176,1158
"Petersburg city, Texas",1032,1053,1083,1116,1154
"Rocksprings town, Texas",1160,1152,1161,1147,1153
"Ransom Canyon town, Texas",1051,1065,1087,1115,1152
"Holland town, Texas",1169,1190,1174,1156,1150
"Anton city, Texas",1137,1143,1138,1151,1148
"Runge town, Texas",1141,1129,1131,1134,1141
"Waelder city, Texas",1094,1103,1111,1119,1138
"Bogata city, Texas",1154,1143,1151,1134,1137
"Marion city, Texas",1122,1126,1125,1142,1135
"Gholson city, Texas",1023,1060,1085,1097,1130
"St. Paul town, Texas",1095,1102,1117,1115,1117
"Redwater city, Texas",1130,1129,1119,1118,1114
"Uhland city, Texas",1059,1076,1076,1095,1113
"Hackberry town, Texas",1115,1123,1125,1123,1113
"Lindsay city, Texas",1165,1159,1142,1120,1112
"Kempner city, Texas",1063,1077,1088,1099,1109
"Maud city, Texas",1089,1091,1091,1095,1107
"Hart city, Texas",1084,1072,1079,1091,1105
"Brownsboro city, Texas",986,1007,1034,1066,1102
"Chico city, Texas",1069,1081,1087,1093,1098
"Godley city, Texas",1042,1058,1072,1084,1095
"Wink city, Texas",1130,1115,1101,1097,1092
"Newark city, Texas",1021,1040,1061,1076,1092
"Pine Island town, Texas",1125,1132,1102,1085,1090
"Hill Country Village city, Texas",1037,1052,1075,1090,1084
"Fairchilds village, Texas",1044,1053,1067,1076,1082
"Ames city, Texas",1024,1037,1057,1073,1079
"Los Indios town, Texas",1107,1095,1075,1076,1070
"Tom Bean city, Texas",1065,1071,1069,1067,1068
"New Waverly city, Texas",1004,1021,1046,1061,1068
"Southmayd city, Texas",1078,1086,1082,1076,1067
"Jamaica Beach city, Texas",1145,1136,1112,1069,1064
"Nevada city, Texas",1052,1053,1060,1060,1058
"Groveton city, Texas",1087,1070,1069,1065,1055
"Santa Anna town, Texas",1002,1005,1014,1026,1044
"Gorman city, Texas",1055,1026,1034,1041,1039
"Riesel city, Texas",1042,1029,1041,1042,1039
"Sterling City city, Texas",919,935,951,965,1037
"Tiki Island village, Texas",1020,1033,1035,1040,1036
"Wortham town, Texas",688,788,884,935,1034
"Red Lick city, Texas",1010,1009,1014,1022,1033
"Berryville town, Texas",950,963,995,1034,1033
"Daisetta city, Texas",1024,1024,1024,1025,1033
"Robert Lee city, Texas",763,783,796,875,1029
"St. Jo city, Texas",1013,1013,1016,1017,1021
"Earth city, Texas",1018,1005,1012,1012,1018
"New London city, Texas",875,905,923,960,1012
"Arp city, Texas",988,996,1003,1003,1011
"Lakeport city, Texas",838,876,938,984,1008
"Eustace city, Texas",1023,1019,1011,1006,1008
"Omaha city, Texas",1027,1024,1030,997,1005
"White Deer town, Texas",985,982,987,993,1002
"Cross Plains town, Texas",1002,999,996,999,1001
"Bronte town, Texas",964,964,970,979,995
"Maypearl city, Texas",973,983,984,984,993
"Rice city, Texas",1022,1003,997,995,991
"Coolidge town, Texas",965,966,976,985,989
"Lakeside City town, Texas",932,960,968,972,989
"Mustang Ridge city, Texas",1038,1062,1046,1006,988
"Rio Vista city, Texas",927,940,948,971,981
"Coahoma town, Texas",981,974,996,980,976
"Bremond city, Texas",998,981,983,980,975
"Thrall city, Texas",881,889,901,936,965
"Moulton town, Texas",946,944,955,961,963
"Sudan city, Texas",918,929,928,952,958
"Point Venture village, Texas",959,955,955,956,957
"Centerville city, Texas",772,821,876,909,956
"Coldspring city, Texas",910,922,932,938,953
"Vega city, Texas",886,895,907,922,937
"Clarksville City city, Texas",913,932,924,911,932
"East Tawakoni city, Texas",897,894,902,923,931
"Garrison city, Texas",887,892,910,916,924
"Tioga town, Texas",699,751,813,869,914
"Crowell city, Texas",852,861,878,895,913
"Trinidad city, Texas",927,912,910,911,910
"Simonton city, Texas",825,834,847,878,908
"Aspermont town, Texas",905,913,906,903,907
"Lake Tanglewood village, Texas",825,834,837,861,903
"Hardin city, Texas",824,833,850,872,902
"Miles city, Texas",837,843,877,887,901
"Bandera city, Texas",877,896,898,898,896
"Rankin city, Texas",891,889,880,896,894
"Beckville city, Texas",860,863,871,878,887
"Blue Ridge city, Texas",854,867,869,864,879
"Point city, Texas",870,868,868,873,879
"Celeste city, Texas",805,810,825,842,871
"Garrett town, Texas",843,858,854,858,862
"Savoy city, Texas",823,833,839,848,861
"Blooming Grove town, Texas",825,829,827,830,854
"East Mountain city, Texas",905,868,852,855,850
"Rising Star town, Texas",804,842,852,846,846
"Lometa city, Texas",834,823,828,838,845
"Tolar city, Texas",824,825,834,843,844
"Agua Dulce city, Texas",857,864,866,855,840
"Joaquin city, Texas",822,825,827,833,840
"Wells town, Texas",770,794,807,820,838
"New Deal town, Texas",759,763,772,794,831
"O'Donnell city, Texas",672,674,679,826,830
"Walnut Springs city, Texas",830,825,824,829,829
"Hilshire Village city, Texas",817,811,815,821,826
"Pineland city, Texas",844,840,831,826,824
"Dawson town, Texas",792,808,813,818,819
"Throckmorton town, Texas",806,813,818,817,817
"San Felipe town, Texas",789,814,808,808,813
"McLean town, Texas",821,817,815,808,812
"Montgomery city, Texas",826,815,819,806,808
"Cumby city, Texas",807,803,799,801,808
"Cresson city, Texas",793,796,794,794,797
"Payne Springs town, Texas",720,734,759,780,795
"Bailey's Prairie village, Texas",778,785,786,790,794
"Valley View city, Texas",767,769,773,781,792
"Big Wells city, Texas",685,707,736,754,780
"Mertzon city, Texas",758,767,766,773,779
"Driscoll city, Texas",823,796,785,775,772
"Lakewood Village city, Texas",727,731,739,748,763
"Tuscola city, Texas",691,708,725,747,761
"Milford town, Texas",801,792,780,764,756
"Burke city, Texas",725,728,727,736,755
"Lott city, Texas",754,753,751,748,751
"Sunrise Beach Village city, Texas",729,737,743,748,747
"Log Cabin city, Texas",769,755,763,737,743
"Santa Clara city, Texas",700,706,716,728,741
"Crawford town, Texas",725,731,729,741,740
"Hillcrest village, Texas",713,702,720,726,736
"Point Comfort city, Texas",736,735,739,742,736
"Zavalla city, Texas",736,739,734,734,736
"Como town, Texas",733,735,735,734,728
"Scurry town, Texas",687,690,697,711,726
"Mountain City city, Texas",701,708,714,717,725
"Noonday city, Texas",701,706,714,719,724
"Point Blank city, Texas",730,725,723,725,720
"Camp Wood city, Texas",715,719,718,719,717
"Detroit town, Texas",761,757,741,714,712
"Sunset Valley city, Texas",680,691,696,698,700
"Normangee town, Texas",618,630,650,671,692
"Ector city, Texas",723,720,717,705,692
"Kress city, Texas",707,702,693,692,691
"Amherst city, Texas",690,687,683,689,688
"Silverton city, Texas",669,674,683,690,687
"Bardwell city, Texas",661,671,679,686,686
"Indian Lake town, Texas",694,694,694,688,679
"Chillicothe city, Texas",668,672,679,680,679
"Falls City city, Texas",694,686,682,679,678
"Westover Hills town, Texas",693,675,662,676,675
"Pecan Hill city, Texas",626,621,631,646,675
"Beasley city, Texas",661,672,673,670,674
"Petrolia city, Texas",684,672,681,681,673
"Happy town, Texas",497,538,573,617,669
"New Hope town, Texas",587,601,622,641,667
"Frost city, Texas",610,619,634,645,665
"Strawn city, Texas",661,656,656,664,664
"Roxton city, Texas",665,663,656,667,664
"Ingleside on the Bay city, Texas",670,670,672,664,663
"Plum Grove city, Texas",645,643,644,655,660
"Rule town, Texas",586,600,618,642,652
"Roby city, Texas",641,644,641,640,643
"Lovelady city, Texas",641,641,643,642,642
"Trenton city, Texas",646,647,641,637,639
"Lone Oak city, Texas",623,622,628,633,635
"New Chapel Hill city, Texas",603,599,606,616,629
"Hawley city, Texas",611,618,623,625,629
"Cushing city, Texas",627,629,621,619,623
"New Berlin city, Texas",581,581,591,622,622
"Kenefick town, Texas",577,583,595,606,620
"Loraine town, Texas",629,628,628,629,619
"Oak Grove town, Texas",610,617,618,618,618
"Ladonia town, Texas",603,608,610,622,618
"Encinal city, Texas",610,613,614,612,615
"Nome city, Texas",630,633,623,615,614
"Winona town, Texas",585,585,590,601,611
"Murchison city, Texas",521,543,573,587,607
"Meadow town, Texas",592,592,594,600,606
"Colmesneil city, Texas",575,587,596,607,606
"Niederwald city, Texas",569,580,587,598,606
"Graford city, Texas",592,594,601,600,605
"Miami city, Texas",584,594,600,603,603
"Campbell city, Texas",589,587,588,590,596
"Matador town, Texas",576,581,592,592,594
"Volente village, Texas",558,560,578,582,589
"Plantersville city, Texas",581,595,588,585,582
"Newcastle city, Texas",591,589,591,584,582
"San Perlita city, Texas",587,584,584,601,580
"Deport city, Texas",527,541,557,568,580
"Smiley city, Texas",549,557,568,574,577
"Groom town, Texas",605,600,585,583,573
"Stagecoach town, Texas",517,535,543,551,572
"Golinda city, Texas",571,569,567,565,569
"Pattison city, Texas",562,563,569,567,566
"Surfside Beach city, Texas",522,531,539,551,565
"Oak Ridge town (Kaufman County), Texas",567,564,564,563,563
"Texline town, Texas",565,562,567,563,562
"Balmorhea city, Texas",480,496,514,542,562
"Lake City town, Texas",515,524,532,547,557
"Wickett town, Texas",575,568,561,558,556
"Annetta South town, Texas",504,514,532,540,554
"Winfield city, Texas",505,511,526,536,551
"Thornton town, Texas",412,445,483,520,550
"Annetta North town, Texas",496,505,519,531,548
"Riverside city, Texas",515,524,538,546,542
"San Leanna village, Texas",455,461,470,500,541
"Bryson city, Texas",512,519,528,531,541
"Snook city, Texas",309,315,314,314,537
"Rose City city, Texas",530,531,526,532,536
"Thorntonville town, Texas",508,510,517,524,535
"Grey Forest city, Texas",533,533,527,522,535
"Oakwood town, Texas",535,538,536,529,530
"Talco city, Texas",529,528,529,528,529
"Weir city, Texas",496,512,516,522,529
"Hawk Cove city, Texas",498,497,497,513,527
"Alba town, Texas",530,535,527,523,523
"Easton city, Texas",506,509,516,519,521
"Lefors town, Texas",514,517,511,506,519
"Buckholts town, Texas",505,512,517,518,517
"Cove city, Texas",524,521,514,517,515
"Pine Forest city, Texas",460,469,481,495,514
"Liverpool city, Texas",482,487,490,502,514
"Post Oak Bend City town, Texas",523,522,523,519,512
"Follett city, Texas",506,510,508,505,511
"Jayton city, Texas",512,512,507,507,509
"Leary city, Texas",347,373,447,488,508
"Morgan city, Texas",497,502,506,509,505
"Scotland city, Texas",456,465,478,489,502
"Briaroaks city, Texas",485,484,488,495,498
"Brazos Country city, Texas",486,488,491,492,496
"Smyer town, Texas",490,487,487,490,491
"Wilson city, Texas",513,510,498,490,488
"Buffalo Gap town, Texas",467,467,470,478,484
"Devers city, Texas",480,475,478,481,484
"Appleby city, Texas",475,479,480,481,482
"Dean city, Texas",439,447,457,465,481
"Gordon city, Texas",480,488,491,499,478
"Oglesby city, Texas",485,479,477,476,477
"Knollwood city, Texas",446,446,452,460,476
"Byers city, Texas",451,457,463,468,475
"Kosse town, Texas",468,470,467,465,474
"Paradise city, Texas",512,517,521,524,474
"Skellytown town, Texas",468,468,470,469,471
"Hallsburg city, Texas",449,455,457,464,471
"Avery town, Texas",466,467,463,469,471
"Bedias city, Texas",444,444,447,457,465
"Buffalo Springs village, Texas",466,464,459,465,464
"Gustine town, Texas",466,464,465,466,464
"Lipan city, Texas",414,426,440,449,464
"Star Harbor city, Texas",496,493,485,466,463
"Lincoln Park town, Texas",435,442,449,458,463
"Blum town, Texas",403,419,433,445,461
"Mount Enterprise city, Texas",454,450,456,457,455
"Timbercreek Canyon village, Texas",462,460,465,456,454
"Rose Hill Acres city, Texas",460,456,450,450,450
"Avinger town, Texas",469,466,455,451,448
"Ropesville city, Texas",413,420,427,436,447
"Highland Haven city, Texas",429,422,436,439,446
"Gallatin city, Texas",451,451,452,448,445
"Higgins city, Texas",421,427,431,435,441
"Webberville village, Texas",444,442,442,441,441
"Whiteface town, Texas",424,430,437,439,438
"Leakey city, Texas",345,382,429,437,437
"Millsap town, Texas",410,414,422,427,433
"Bear Creek village, Texas",434,434,432,429,429
"Angus city, Texas",404,410,413,418,428
"Fruitvale city, Texas",407,414,418,423,428
"Iola city, Texas",406,411,416,423,427
"Evant town, Texas",437,435,434,436,426
"Milano city, Texas",414,416,418,418,424
"Christine town, Texas",437,432,428,424,423
"Kurten town, Texas",392,396,402,406,414
"Orchard city, Texas",423,425,418,416,413
"Howardwick city, Texas",415,411,406,407,408
"Bloomburg town, Texas",402,403,403,401,407
"San Patricio city, Texas",427,426,420,404,402
"Yantis town, Texas",401,406,411,405,400
"Kendleton city, Texas",397,399,397,397,399
"Bayview town, Texas",377,379,388,392,399
"Grandfalls town, Texas",389,390,397,398,397
"Turkey city, Texas",403,402,406,398,397
"Chireno city, Texas",390,391,391,387,397
"Windthorst town, Texas",355,362,369,377,393
"DISH town, Texas",386,388,388,388,390
"Huxley city, Texas",387,390,385,380,389
"Reklaw city, Texas",352,360,371,379,388
"Oak Valley town, Texas",377,381,383,383,388
"Edom city, Texas",376,378,380,380,386
"Quitaque city, Texas",366,366,370,378,385
"Barstow city, Texas",386,382,387,383,385
"Retreat town, Texas",383,382,385,385,385
"Blanket town, Texas",391,386,384,384,385
"Darrouzett town, Texas",387,390,394,388,384
"Dell City city, Texas",357,359,363,370,382
"South Mountain town, Texas",348,357,363,375,382
"Union Grove city, Texas",396,396,389,382,382
"Callisburg city, Texas",378,378,373,368,380
"Dodd City town, Texas",360,366,369,374,380
"Scottsville city, Texas",327,343,366,372,379
"Lake Bridgeport city, Texas",388,379,371,379,378
"Alma town, Texas",368,367,373,375,377
"Mildred town, Texas",354,358,363,369,371
"Sadler city, Texas",378,377,378,376,370
"Rosser village, Texas",354,354,357,363,367
"Channing city, Texas",362,364,365,365,366
"Abbott city, Texas",334,340,347,355,364
"Morgan's Point city, Texas",374,372,363,361,360
"Bellevue city, Texas",380,377,371,356,354
"Cashion Community city, Texas",337,339,346,351,352
"New Home city, Texas",350,346,347,351,351
"Trent town, Texas",323,333,338,347,351
"Union Valley city, Texas",338,343,344,349,351
"Leroy city, Texas",319,325,331,339,349
"Bonney village, Texas",350,349,344,349,347
"Texhoma city, Texas",352,355,353,351,345
"Palisades village, Texas",343,342,341,341,345
"Pleasant Valley town, Texas",353,350,349,347,345
"Grays Prairie village, Texas",328,330,332,338,343
"Lueders city, Texas",320,321,329,333,342
"Bayside town, Texas",342,343,341,340,341
"Iredell city, Texas",328,328,329,334,338
"Enchanted Oaks town, Texas",275,291,309,323,337
"Brazos Bend city, Texas",343,340,338,333,335
"Kennard city, Texas",338,334,332,333,334
"Rochester town, Texas",324,324,327,329,331
"Coyote Flats city, Texas",315,317,320,325,331
"Lawn town, Texas",329,332,332,331,330
"Lakeside town (San Patricio County), Texas",320,321,319,321,322
"Mount Calm city, Texas",295,300,307,314,320
"Weston city, Texas",319,322,318,317,319
"Nordheim city, Texas",311,312,314,316,318
"Blackwell city, Texas",331,331,328,328,317
"Industry city, Texas",308,312,315,315,316
"Latexo city, Texas",278,286,294,306,313
"Chester town, Texas",309,307,307,309,312
"Richland Springs town, Texas",300,302,306,309,311
"Gary City town, Texas",312,313,313,311,310
"Warren City city, Texas",299,302,307,309,310
"Hedley city, Texas",304,303,304,308,310
"Poynor town, Texas",302,306,305,309,310
"Coupland city, Texas",293,292,294,300,307
"Nazareth city, Texas",313,314,314,307,307
"Progreso Lakes city, Texas",285,286,290,296,305
"Tira town, Texas",318,318,311,305,305
"Sanctuary town, Texas",307,305,304,300,302
"Annona town, Texas",302,305,301,299,302
"Burton city, Texas",287,286,288,296,301
"Granjeno city, Texas",262,266,278,291,300
"Thompsons town, Texas",303,302,303,300,298
"Bailey city, Texas",307,302,301,301,297
"Eureka city, Texas",309,304,305,298,296
"Goodrich city, Texas",283,284,286,290,293
"Coffee City town, Texas",298,298,295,294,292
"Tehuacana town, Texas",303,298,293,295,291
"Goldsmith city, Texas",271,279,292,293,289
"Paint Rock town, Texas",255,260,269,277,286
"Ross city, Texas",272,274,276,280,285
"Staples city, Texas",276,277,279,281,282
"Cranfills Gap city, Texas",278,277,277,279,281
"Moran city, Texas",283,282,282,282,281
"Carbon town, Texas",272,279,274,268,277
"Covington city, Texas",266,266,267,272,275
"Cross Timber town, Texas",266,266,268,272,275
"Malone town, Texas",265,266,266,268,274
"Richland town, Texas",268,267,271,273,272
"Marquez city, Texas",259,265,266,268,267
"Benjamin city, Texas",256,257,256,257,264
"Fayetteville city, Texas",260,262,261,261,263
"North Cleveland city, Texas",229,236,244,250,261
"Wixon Valley city, Texas",267,268,266,263,258
"Dickens city, Texas",242,243,246,250,256
"Westbrook city, Texas",252,252,253,254,256
"Carmine city, Texas",256,259,261,260,255
"Woodson town, Texas",264,262,258,255,253
"Streetman town, Texas",242,241,244,248,250
"Barry city, Texas",213,221,230,238,249
"Millican town, Texas",253,254,249,249,246
"Mingus city, Texas",246,246,244,244,245
"Hays city, Texas",260,251,246,243,242
"Taylor Landing city, Texas",227,233,237,244,241
"Ackerly city, Texas",224,222,227,238,240
"Midway city, Texas",217,221,228,233,239
"Anderson city, Texas",227,230,233,234,237
"Forsan city, Texas",240,243,244,240,236
"Douglassville town, Texas",225,227,228,231,234
"Hebron town, Texas",173,176,190,212,231
"La Ward city, Texas",217,218,221,225,228
"Roaring Springs town, Texas",228,230,231,226,227
"Creedmoor city, Texas",221,221,220,218,227
"Sandy Point city, Texas",223,224,225,224,226
"Spring Branch city, Texas",225,225,223,223,224
"Caney City town, Texas",222,227,222,220,222
"Woodloch town, Texas",222,223,223,222,220
"Goree city, Texas",210,207,209,214,220
"Ravenna city, Texas",209,209,210,210,212
"Navarro town, Texas",203,204,209,209,210
"Wellman city, Texas",196,200,203,204,207
"Mobile City city, Texas",199,200,200,202,205
"Moore Station city, Texas",195,196,197,202,205
"Goodlow city, Texas",196,197,198,201,204
"Broaddus town, Texas",196,195,197,200,204
"Bynum town, Texas",194,194,195,201,202
"Browndell city, Texas",198,196,198,198,201
"Penelope town, Texas",208,208,205,202,200
"Windom town, Texas",204,204,204,205,199
"Pecan Gap city, Texas",196,199,197,197,197
"Megargel town, Texas",198,197,195,195,194
"Bishop Hills town, Texas",195,193,193,193,192
"Opdyke West town, Texas",173,177,180,185,187
"Leona city, Texas",181,181,181,184,185
"Cottonwood city, Texas",173,176,177,182,184
"Melvin town, Texas",167,172,175,179,184
"Mullin town, Texas",176,178,181,181,182
"Carl's Corner town, Texas",187,185,183,182,180
"Oak Ridge town (Cooke County), Texas",176,177,177,178,177
"Cool city, Texas",166,166,166,170,172
"Weinert city, Texas",170,172,170,169,170
"Adrian city, Texas",155,157,162,165,168
"Jolly city, Texas",175,177,175,168,167
"Sanford town, Texas",164,164,162,166,163
"Round Mountain town, Texas",152,156,154,155,159
"Miller's Cove town, Texas",163,162,160,159,158
"Austwell city, Texas",136,136,136,140,145
"Cuney town, Texas",136,136,136,138,143
"Emhouse town, Texas",149,148,147,145,142
"Powell town, Texas",139,138,139,139,140
"Estelline town, Texas",132,131,132,132,133
"Marietta town, Texas",134,135,135,132,131
"Novice city, Texas",127,128,130,131,130
"Kirvin town, Texas",129,129,130,129,130
"Kingsbury city, Texas",132,131,131,130,130
"Pyote town, Texas",123,123,124,126,128
"Mertens town, Texas",113,117,119,124,127
"Valentine town, Texas",125,125,123,121,126
"Seven Oaks city, Texas",124,123,125,126,125
"Petronila city, Texas",108,108,109,113,114
"Dodson town, Texas",115,114,114,113,113
"Mobeetie city, Texas",107,107,107,109,110
"Todd Mission city, Texas",97,100,101,105,109
"Aquilla city, Texas",108,108,109,107,107
"O'Brien city, Texas",105,106,105,106,105
"Edmonson town, Texas",106,105,105,105,104
"Springlake town, Texas",105,104,104,104,104
"Lakeview town, Texas",96,97,100,102,102
"Toyah town, Texas",109,108,105,101,99
"Dayton Lakes city, Texas",94,95,96,99,99
"Spofford city, Texas",99,100,100,99,98
"Uncertain city, Texas",92,93,94,95,97
"Putnam town, Texas",89,91,94,95,96
"Dorchester city, Texas",87,87,89,93,95
"Quintana town, Texas",90,91,92,93,94
"Round Top town, Texas",94,94,94,94,93
"Neylandville town, Texas",91,90,91,91,91
"Domino town, Texas",79,79,78,78,80
"Sun Valley city, Texas",77,77,77,77,79
"Toco city, Texas",74,74,74,74,74
"Rocky Mound town, Texas",71,71,71,71,72
"Corral City town, Texas",36,39,43,45,49
"Impact town, Texas",30,31,30,30,30
"Mustang town, Texas",21,23,23,23,23
"Los Ybanez city, Texas",19,19,19,19,19